Workbook

Sheet 28-MTD
A1: SARI | C1: M/S SAI AGRO RICE INDUSTRIES | G1: DOC NO.- 4.1-TD-MTD-28
C2: SHERPURA ROAD , SHERPUR KALAN, JAGROAN , LUDHIANA-142026 | G2: VERSION 02 ; REV 00
A3: TIMELY DELIVERY OF CONTRACTS | G3: DOC ISSUE DATE - 03-12-2025
A4: Mechanism for Monitoring Adherence to Delivery Contracts through OTIF
A5: 1. Definition and Objective:
A6: The firm will adopt the OTIF (On Time In Full) measurement as the primary tool to monitor adherence to all delivery contracts with customers. The OTIF metric measures whether products are delivered to customers on the agreed date (On Time) and with complete quantity and specification (In Full). The objective is to ensure that all delivery commitments are fulfilled as per contract, improving customer satisfaction and operational reliability.
A7: 2. Data Recording: | E7: 3. Data Analysis:
A8: A dedicated OTIF Register will be maintained (manual or digital). For every dispatch, the following data points will be recorded: | E8: On a monthly basis, the PPC Department will extract OTIF data and prepare a Trend Analysis Report:
A9: - Customer Name and Order Number - Contractual Delivery Date - Actual Dispatch Date - Ordered Quantity - Delivered Quantity - Delivery Condition (in full or partial) | E9: - % of orders delivered On Time - % of orders delivered In Full - % of orders meeting both On Time and In Full
A10: All records will be verified by the Dispatch Incharge and cross-checked by the Production Planning & Control (PPC) Department. | E10: Root causes for any deviations (late deliveries or partial deliveries) will be identified through an RCA (Root Cause Analysis).
A11: 4. Corrective and Preventive Actions: | E11: 5. Control and Review:
A12: Where OTIF performance falls below the target (e.g., 95%), immediate CAPA measures will be initiated: - Adjustments in production planning - Inventory buffer adjustments - Vendor coordination improvements - Enhanced internal coordination among production, stores, and dispatch | E12: - Monthly OTIF performance will be reviewed in Management Review Meetings (MRM). - KPIs for OTIF will be shared with relevant departments. - Trends will be displayed visually through graphs and dashboards. - Targets will be set and updated based on performance trends.
A13: 6. Continual Improvement:
A14: Periodic training will be conducted for teams to ensure they understand delivery requirements, communication protocols, and escalation methods for bottlenecks. Process improvements will be mapped through the PDCA (Plan-Do-Check-Act) cycle.
A15: COMMENTS/ APPROVALS & SIGNATURE
A17: SECTION INCHARGE | D17: MANAGEMENT REPRESENTATIVE | G17: AUTHORIZED SIGNATORY

Sheet 29,30 - OTIF
A1: =+'28-MTD'!A1:B2 -> SARI | C1: =+'28-MTD'!C1:F1 -> M/S SAI AGRO RICE INDUSTRIES | K1: DOC NO.- 4.2-TD-R-OMR-30
C2: =+'28-MTD'!C2:F2 -> SHERPURA ROAD , SHERPUR KALAN, JAGROAN , LUDHIANA-142026 | K2: VERSION:2, REV 00
A3: ORDER TRACKING SHEET [OTIF STATUS] | K3: =+'28-MTD'!G3 -> DOC ISSUE DATE - 03-12-2025
A4: Month | B4: =A65 -> 46143 | C4: =A60 -> 46174 | D4: =A55 -> 46204 | E4: =A50 -> 46235
A5: OT% | B5: =L66 -> 0.91666667 | C5: =L61 -> 0.92833333 | D5: =L56 -> 0.95 | E5: =L51 -> 0.95833333
A6: IF% | B6: =M66 -> 0.90113238 | C6: =M61 -> 0.9375 | D6: =M56 -> 0.95625 | E6: =M51 -> 0.97445842
A43: =A1 -> SARI | C43: =C1 -> M/S SAI AGRO RICE INDUSTRIES | K43: DOC NO.- 4.2-TD-R-OTS-29
C44: =C2 -> SHERPURA ROAD , SHERPUR KALAN, JAGROAN , LUDHIANA-142026 | K44: VERSION:0, REV 00
A45: ORDER TRACKING SHEET [OTIF STATUS] | K45: =K3 -> DOC ISSUE DATE - 03-12-2025
A46: Delivery Month | B46: Order Date | C46: Party Name | D46: Product Name | E46: Order Qty (MT ) | F46: Planned Del Date | G46: Invoice No. | H46: Invoice Date | I46: Invoice Qty (MT ) | J46: Planned Lead Days | K46: Actual Lead Days | L46: On Time % | M46: In Full % | O46: Delivery Month | P46: Order Date | Q46: Party Name | R46: Product Name | S46: Order Qty (QTL) | T46: Planned Del Date | U46: Invoice No. | V46: Invoice Date | W46: Invoice Qty (QTL) | X46: Planned Lead Days | Y46: Actual Lead Days | Z46: On Time % | AA46: In Full % | AC46: Delivery Month | AD46: Order Date | AE46: Party Name | AF46: Product Name | AG46: Order Qty (QTL) | AH46: Planned Del Date | AI46: Invoice No. | AJ46: Invoice Date | AK46: Invoice Qty (QTL) | AL46: Planned Lead Days | AM46: Actual Lead Days | AN46: On Time % | AO46: In Full %
A47: =O47 -> 46235 | B47: =P47 -> 46239 | C47: =Q47 -> P.S Agro Foods | D47: =R47 -> Paddy Husk | E47: =S47 -> 203.5 | F47: =T47 -> 46244 | G47: =U47 -> SAI/038 | H47: =V47 -> 46244 | I47: 200 | J47: =F47-B47 -> 5 | K47: =H47-B47 -> 5 | L47: =J47/K47 -> 1 | M47: =I47/E47 -> 0.98280098 | O47: 46235 | P47: 46239 | Q47: P.S Agro Foods | R47: Paddy Husk | S47: 203.5 | T47: 46244 | U47: SAI/038 | V47: 46244 | W47: 203.5 | X47: 5 | Y47: 5 | Z47: 1 | AA47: 1 | AC47: 46143 | AD47: 46147 | AE47: P.S Agro Foods | AF47: Paddy Husk | AG47: 157 | AH47: 46152 | AI47: SAI/026 | AJ47: 46153 | AK47: 150 | AL47: 5 | AM47: 5 | AN47: 1 | AO47: 1
A48: =O48 -> 46235 | B48: =P48 -> 46246 | C48: =Q48 -> Sunrise Agro Foods | D48: =R48 -> Rice Bran | E48: =S48 -> 15.3 | F48: =T48 -> 46251 | G48: =U48 -> SAI/039 | H48: =V48 -> 46251 | I48: 14 | J48: =F48-B48 -> 5 | K48: =H48-B48 -> 5 | L48: =J48/K48 -> 1 | M48: =I48/E48 -> 0.91503268 | O48: 46235 | P48: 46246 | Q48: Sunrise Agro Foods | R48: Rice Bran | S48: 15.3 | T48: 46251 | U48: SAI/039 | V48: 46251 | W48: 15.3 | X48: 5 | Y48: 5 | Z48: 1 | AA48: 1 | AC48: 46143 | AD48: 46154 | AE48: Sunrise Agro Foods | AF48: Rice Bran | AG48: 15.3 | AH48: 46159 | AI48: SAI/027 | AJ48: 46159 | AK48: 15.3 | AL48: 5 | AM48: 5 | AN48: 1 | AO48: 1
A49: =O49 -> 46235 | B49: =P49 -> 46253 | C49: =Q49 -> Mahadev Rice & Gen Mill | D49: =R49 -> Rice Bran | E49: =S49 -> 95.05 | F49: =T49 -> 46258 | G49: =U49 -> SAI/040 | H49: =V49 -> 46258 | I49: =W49 -> 95.05 | J49: =F49-B49 -> 5 | K49: =H49-B49 -> 5 | L49: =J49/K49 -> 1 | M49: =I49/E49 -> 1 | O49: 46235 | P49: 46253 | Q49: Mahadev Rice & Gen Mill | R49: Rice Bran | S49: 95.05 | T49: 46258 | U49: SAI/040 | V49: 46258 | W49: 95.05 | X49: 5 | Y49: 5 | Z49: 1 | AA49: 1 | AC49: 46143 | AD49: 46161 | AE49: Mahadev Rice & Gen Mill | AF49: Rice Bran | AG49: 15.5 | AH49: 46166 | AI49: SAI/028 | AJ49: 46166 | AK49: 15.5 | AL49: 5 | AM49: 5 | AN49: 1 | AO49: 1
A50: =O50 -> 46235 | B50: =P50 -> 46260 | C50: =Q50 -> Shri Ganesh Feeds | D50: =R50 -> Paddy Husk | E50: =S50 -> 157 | F50: =T50 -> 46265 | G50: =U50 -> SAI/041 | H50: =V50 -> 46266 | I50: =W50 -> 157 | J50: =F50-B50 -> 5 | K50: =H50-B50 -> 6 | L50: =J50/K50 -> 0.83333333 | M50: =I50/E50 -> 1 | O50: 46235 | P50: 46260 | Q50: Shri Ganesh Feeds | R50: Paddy Husk | S50: 157 | T50: 46265 | U50: SAI/041 | V50: 46266 | W50: 157 | X50: 5 | Y50: 5 | Z50: 1 | AA50: 1 | AC50: 46143 | AD50: 46167 | AE50: Shri Ganesh Feeds | AF50: Paddy Husk | AG50: 203.5 | AH50: 46172 | AI50: SAI/029 | AJ50: 46172 | AK50: 203.5 | AL50: 5 | AM50: 5 | AN50: 1 | AO50: 1
A51: =A50 -> 46235 | L51: =AVERAGE(L47:L50) -> 0.95833333 | M51: =AVERAGE(M47:M50) -> 0.97445842 | O51: 46204 | R51: Monthly Summary | Z51: 0.99 | AA51: 0.99 | AC51: 46204 | AF51: Monthly Summary | AN51: 0.99 | AO51: 0.99
A52: =O52 -> 46204 | B52: =P52 -> 46207 | C52: =Q52 -> P.S Agro Foods | D52: =R52 -> Paddy Husk | E52: 200 | F52: =T52 -> 46211 | G52: =U52 -> SAI/034 | H52: =V52 -> 46212 | I52: 190 | J52: =F52-B52 -> 4 | K52: =H52-B52 -> 5 | L52: =J52/K52 -> 0.8 | M52: =I52/E52 -> 0.95 | O52: 46204 | P52: 46207 | Q52: P.S Agro Foods | R52: Paddy Husk | S52: 157 | T52: 46211 | U52: SAI/034 | V52: 46212 | W52: 157 | X52: 5 | Y52: 5 | Z52: 1 | AA52: 1 | AC52: 46174 | AD52: 46177 | AE52: Shri Ganesh Feeds | AF52: Paddy Husk | AG52: 203.5 | AH52: 46192 | AI52: SAI/030 | AJ52: 46192 | AK52: 203.5 | AL52: 5 | AM52: 5 | AN52: 1 | AO52: 1
A53: =O53 -> 46204 | B53: =P53 -> 46214 | C53: =Q53 -> Mahadev Rice & Gen Mill | D53: =R53 -> Rice Bran | E53: 80 | F53: =T53 -> 46219 | G53: =U53 -> SAI/035 | H53: =V53 -> 46219 | I53: 70 | J53: =F53-B53 -> 5 | K53: =H53-B53 -> 5 | L53: =J53/K53 -> 1 | M53: =I53/E53 -> 0.875 | O53: 46204 | P53: 46214 | Q53: Mahadev Rice & Gen Mill | R53: Rice Bran | S53: 95.05 | T53: 46219 | U53: SAI/035 | V53: 46219 | W53: 95.05 | X53: 5 | Y53: 5 | Z53: 1 | AA53: 1 | AC53: 46174 | AD53: 46184 | AE53: Sunrise Agro Foods | AF53: Rice Bran | AG53: 15.3 | AH53: 46193 | AI53: SAI/031 | AJ53: 46193 | AK53: 15.3 | AL53: 5 | AM53: 5 | AN53: 1 | AO53: 1
A54: =O54 -> 46204 | B54: =P54 -> 46221 | C54: =Q54 -> Sunrise Agro Foods | D54: =R54 -> Rice Bran | E54: 20 | F54: =T54 -> 46229 | G54: =U54 -> SAI/036 | H54: =V54 -> 46229 | I54: 20 | J54: =F54-B54 -> 8 | K54: =H54-B54 -> 8 | L54: =J54/K54 -> 1 | M54: =I54/E54 -> 1 | O54: 46204 | P54: 46221 | Q54: Sunrise Agro Foods | R54: Rice Bran | S54: 15.5 | T54: 46229 | U54: SAI/036 | V54: 46229 | W54: 15.5 | X54: 5 | Y54: 6 | Z54: 0.83 | AA54: 1 | AC54: 46174 | AD54: 46191 | AE54: Mahadev Rice & Gen Mill | AF54: Rice Bran | AG54: 15.5 | AH54: 46196 | AI54: SAI/032 | AJ54: 46197 | AK54: 15.5 | AL54: 5 | AM54: 6 | AN54: 0.83 | AO54: 1
A55: =O55 -> 46204 | B55: =P55 -> 46228 | C55: =Q55 -> Shri Ganesh Feeds | D55: =R55 -> Paddy Husk | E55: 190 | F55: =T55 -> 46231 | G55: =U55 -> SAI/037 | H55: =V55 -> 46231 | I55: 190 | J55: =F55-B55 -> 3 | K55: =H55-B55 -> 3 | L55: =J55/K55 -> 1 | M55: =I55/E55 -> 1 | O55: 46204 | P55: 46228 | Q55: Shri Ganesh Feeds | R55: Paddy Husk | S55: 203.5 | T55: 46231 | U55: SAI/037 | V55: 46231 | W55: 203.5 | X55: 5 | Y55: 5 | Z55: 1 | AA55: 1 | AC55: 46174 | AD55: 46198 | AE55: P.S Agro Foods | AF55: Paddy Husk | AG55: 157 | AH55: 46202 | AI55: SAI/033 | AJ55: 46202 | AK55: 157 | AL55: 5 | AM55: 5 | AN55: 1 | AO55: 1
A56: =A55 -> 46204 | L56: =AVERAGE(L52:L55) -> 0.95 | M56: =AVERAGE(M52:M55) -> 0.95625 | O56: 46174 | R56: Monthly Summary | Z56: 0.98 | AA56: 0.985 | AC56: 46174 | AF56: Monthly Summary | AN56: 0.98 | AO56: 0.985
A57: =O57 -> 46174 | B57: =P57 -> 46177 | C57: =Q57 -> Shri Ganesh Feeds | D57: =R57 -> Paddy Husk | E57: 160 | F57: =T57 -> 46192 | G57: =U57 -> SAI/030 | H57: =V57 -> 46192 | I57: 160 | J57: =F57-B57 -> 15 | K57: =H57-B57 -> 15 | L57: 0.98 | M57: =I57/E57 -> 1 | O57: 46174 | P57: 46177 | Q57: Shri Ganesh Feeds | R57: Paddy Husk | S57: 203.5 | T57: 46192 | U57: SAI/030 | V57: 46192 | W57: 203.5 | X57: 5 | Y57: 5 | Z57: 1 | AA57: 1 | AC57: 46204 | AD57: 46207 | AE57: P.S Agro Foods | AF57: Paddy Husk | AG57: 157 | AH57: 46211 | AI57: SAI/034 | AJ57: 46212 | AK57: 157 | AL57: 5 | AM57: 5 | AN57: 1 | AO57: 1
A58: =O58 -> 46174 | B58: =P58 -> 46184 | C58: =Q58 -> Sunrise Agro Foods | D58: =R58 -> Rice Bran | E58: 20 | F58: =T58 -> 46193 | G58: =U58 -> SAI/031 | H58: =V58 -> 46194 | I58: 15 | J58: =F58-B58 -> 9 | K58: =H58-B58 -> 10 | L58: =J58/K58 -> 0.9 | M58: =I58/E58 -> 0.75 | O58: 46174 | P58: 46184 | Q58: Sunrise Agro Foods | R58: Rice Bran | S58: 15.3 | T58: 46193 | U58: SAI/031 | V58: 46194 | W58: 15.3 | X58: 5 | Y58: 5 | Z58: 1 | AA58: 1 | AC58: 46204 | AD58: 46214 | AE58: Mahadev Rice & Gen Mill | AF58: Rice Bran | AG58: 95.05 | AH58: 46219 | AI58: SAI/035 | AJ58: 46220 | AK58: 95.05 | AL58: 5 | AM58: 5 | AN58: 1 | AO58: 1
A59: =O59 -> 46174 | B59: =P59 -> 46191 | C59: =Q59 -> Mahadev Rice & Gen Mill | D59: =R59 -> Rice Bran | E59: 25 | F59: =T59 -> 46196 | G59: =U59 -> SAI/032 | H59: =V59 -> 46197 | I59: 25 | J59: =F59-B59 -> 5 | K59: =H59-B59 -> 6 | L59: =J59/K59 -> 0.83333333 | M59: =I59/E59 -> 1 | O59: 46174 | P59: 46191 | Q59: Mahadev Rice & Gen Mill | R59: Rice Bran | S59: 15.5 | T59: 46196 | U59: SAI/032 | V59: 46197 | W59: 15.5 | X59: 5 | Y59: 6 | Z59: 0.83 | AA59: 1 | AC59: 46204 | AD59: 46221 | AE59: Sunrise Agro Foods | AF59: Rice Bran | AG59: 15.5 | AH59: 46229 | AI59: SAI/036 | AJ59: 46229 | AK59: 15.5 | AL59: 5 | AM59: 6 | AN59: 0.83 | AO59: 1
A60: =O60 -> 46174 | B60: =P60 -> 46198 | C60: =Q60 -> P.S Agro Foods | D60: =R60 -> Paddy Husk | E60: 195 | F60: =T60 -> 46202 | G60: =U60 -> SAI/033 | H60: =V60 -> 46202 | I60: 195 | J60: =F60-B60 -> 4 | K60: =H60-B60 -> 4 | L60: =J60/K60 -> 1 | M60: =I60/E60 -> 1 | O60: 46174 | P60: 46198 | Q60: P.S Agro Foods | R60: Paddy Husk | S60: 157 | T60: 46202 | U60: SAI/033 | V60: 46202 | W60: 157 | X60: 5 | Y60: 5 | Z60: 1 | AA60: 1 | AC60: 46204 | AD60: 46228 | AE60: Shri Ganesh Feeds | AF60: Paddy Husk | AG60: 203.5 | AH60: 46231 | AI60: SAI/037 | AJ60: 46231 | AK60: 203.5 | AL60: 5 | AM60: 5 | AN60: 1 | AO60: 1
A61: =A60 -> 46174 | L61: =AVERAGE(L57:L60) -> 0.92833333 | M61: =AVERAGE(M57:M60) -> 0.9375 | O61: Delivery Month | P61: Order Date | Q61: Party Name | R61: Product Name | S61: Order Qty (PCS) | T61: Planned Del Date | U61: Invoice No. | V61: Invoice Date | W61: Invoice Qty (PCS) | X61: Planned Lead Days | Y61: Actual Lead Days | Z61: On Time % | AA61: In Full % | AC61: Delivery Month | AD61: Order Date | AE61: Party Name | AF61: Product Name | AG61: Order Qty (PCS) | AH61: Planned Del Date | AI61: Invoice No. | AJ61: Invoice Date | AK61: Invoice Qty (PCS) | AL61: Planned Lead Days | AM61: Actual Lead Days | AN61: On Time % | AO61: In Full %
A62: =O62 -> 46143 | B62: =P62 -> 46147 | C62: =Q62 -> P.S Agro Foods | D62: =R62 -> Paddy Husk | E62: 225 | F62: =T62 -> 46152 | G62: =U62 -> SAI/026 | H62: =V62 -> 46153 | I62: 210 | J62: =F62-B62 -> 5 | K62: =H62-B62 -> 6 | L62: =J62/K62 -> 0.83333333 | M62: =I62/E62 -> 0.93333333 | O62: 46143 | P62: 46147 | Q62: P.S Agro Foods | R62: Paddy Husk | S62: 157 | T62: 46152 | U62: SAI/026 | V62: 46153 | W62: 150 | X62: 5 | Y62: 5 | Z62: 1 | AA62: 1 | AC62: 46235 | AD62: 46239 | AE62: P.S Agro Foods | AF62: Paddy Husk | AG62: 203.5 | AH62: 46244 | AI62: SAI/038 | AJ62: 46244 | AK62: 203.5 | AL62: 5 | AM62: 5 | AN62: 1 | AO62: 1
A63: =O63 -> 46143 | B63: =P63 -> 46154 | C63: =Q63 -> Sunrise Agro Foods | D63: =R63 -> Rice Bran | E63: 22 | F63: =T63 -> 46159 | G63: =U63 -> SAI/027 | H63: =V63 -> 46160 | I63: 20 | J63: =F63-B63 -> 5 | K63: =H63-B63 -> 6 | L63: =J63/K63 -> 0.83333333 | M63: =I63/E63 -> 0.90909091 | O63: 46143 | P63: 46154 | Q63: Sunrise Agro Foods | R63: Rice Bran | S63: 15.3 | T63: 46159 | U63: SAI/027 | V63: 46160 | W63: 15.3 | X63: 5 | Y63: 5 | Z63: 1 | AA63: 1 | AC63: 46235 | AD63: 46246 | AE63: Sunrise Agro Foods | AF63: Rice Bran | AG63: 15.3 | AH63: 46251 | AI63: SAI/039 | AJ63: 46251 | AK63: 15.3 | AL63: 5 | AM63: 5 | AN63: 1 | AO63: 1
A64: =O64 -> 46143 | B64: =P64 -> 46161 | C64: =Q64 -> Mahadev Rice & Gen Mill | D64: =R64 -> Rice Bran | E64: 95 | F64: =T64 -> 46166 | G64: =U64 -> SAI/028 | H64: =V64 -> 46166 | I64: 80 | J64: =F64-B64 -> 5 | K64: =H64-B64 -> 5 | L64: =J64/K64 -> 1 | M64: =I64/E64 -> 0.84210526 | O64: 46143 | P64: 46161 | Q64: Mahadev Rice & Gen Mill | R64: Rice Bran | S64: 15.5 | T64: 46166 | U64: SAI/028 | V64: 46166 | W64: 15.5 | X64: 5 | Y64: 5 | Z64: 1 | AA64: 1 | AC64: 46235 | AD64: 46253 | AE64: Mahadev Rice & Gen Mill | AF64: Rice Bran | AG64: 95.05 | AH64: 46258 | AI64: SAI/040 | AJ64: 46258 | AK64: 95.05 | AL64: 5 | AM64: 5 | AN64: 1 | AO64: 1
A65: =O65 -> 46143 | B65: =P65 -> 46167 | C65: =Q65 -> Shri Ganesh Feeds | D65: =R65 -> Paddy Husk | E65: 250 | F65: =T65 -> 46172 | G65: =U65 -> SAI/029 | H65: =V65 -> 46172 | I65: 230 | J65: =F65-B65 -> 5 | K65: =H65-B65 -> 5 | L65: =J65/K65 -> 1 | M65: =I65/E65 -> 0.92 | O65: 46143 | P65: 46167 | Q65: Shri Ganesh Feeds | R65: Paddy Husk | S65: 203.5 | T65: 46172 | U65: SAI/029 | V65: 46172 | W65: 203.5 | X65: 5 | Y65: 5 | Z65: 1 | AA65: 1 | AC65: 46235 | AD65: 46260 | AE65: Shri Ganesh Feeds | AF65: Paddy Husk | AG65: 157 | AH65: 46265 | AI65: SAI/041 | AJ65: 46266 | AK65: 157 | AL65: 5 | AM65: 5 | AN65: 1 | AO65: 1
A66: =A65 -> 46143 | L66: =AVERAGE(L62:L65) -> 0.91666667 | M66: =AVERAGE(M62:M65) -> 0.90113238 | O66: 46113 | R66: Monthly Summary | Z66: 0.955 | AA66: 0.962 | AC66: 46113 | AF66: Monthly Summary | AN66: 0.955 | AO66: 0.962
A67: COMMENTS/ APPROVALS & SIGNATURE
A69: SECTION INCHARGE | E69: MANAGEMENT REPRESENTATIVE | J69: AUTHORIZED SIGNATORY

Sheet 76-ZSC-OTIF
A1: ='28-MTD'!A1 -> SARI | C1: ='28-MTD'!C1 -> M/S SAI AGRO RICE INDUSTRIES | N1: DOC. NO.-4.2-TD-DSCC-76
C2: ='28-MTD'!C2 -> SHERPURA ROAD , SHERPUR KALAN, JAGROAN , LUDHIANA-142026 | N2: VERSION 02 ; REV 00
A3: OTIF: Delivery Score Card Champion | N3: ='28-MTD'!G3 -> DOC ISSUE DATE - 03-12-2025
A4: S. NO. | B4: Customer Name | C4: UOM | D4: Tgt-2026-27 | E4: Act -2026-27 | F4: MAY | H4: JUN | J4: JULY | L4: AUG | N4: SEP | P4: OCT
C5: % | F5: Plan | G5: Act | H5: Plan | I5: Act | J5: Plan | K5: Act | L5: Plan | M5: Act | N5: Plan | O5: Act | P5: Plan | Q5: Act
A6: 1 | B6: ='29,30 - OTIF'!C52 -> P.S Agro Foods | C6: % | D6: 100 | E6: =(G6+I6+K6+M6+O6)/4 -> 90.75 | F6: =RANDBETWEEN(85,90) -> 89 | G6: =F6-RANDBETWEEN(1,3) -> 87 | H6: =RANDBETWEEN(89,92) -> 90 | I6: =H6-RANDBETWEEN(1,3) -> 88 | J6: =RANDBETWEEN(92,94) -> 92 | K6: =J6-RANDBETWEEN(1,3) -> 90 | L6: =RANDBETWEEN(97,99) -> 99 | M6: =L6-RANDBETWEEN(1,3) -> 98
A7: 2 | B7: ='29,30 - OTIF'!C53 -> Mahadev Rice & Gen Mill | C7: % | D7: 100 | E7: =(G7+I7+K7+M7+O7)/4 -> 92.25 | F7: =RANDBETWEEN(90,92) -> 92 | G7: =F7-RANDBETWEEN(1,3) -> 91 | H7: =RANDBETWEEN(92,94) -> 92 | I7: =H7-RANDBETWEEN(1,3) -> 91 | J7: =RANDBETWEEN(94,96) -> 94 | K7: =J7-RANDBETWEEN(1,3) -> 92 | L7: =RANDBETWEEN(96,98) -> 97 | M7: =L7-RANDBETWEEN(1,3) -> 95
A8: 3 | B8: ='29,30 - OTIF'!C54 -> Sunrise Agro Foods | C8: % | D8: 100 | E8: =(G8+I8+K8+M8+O8)/4 -> 92 | F8: =RANDBETWEEN(90,92) -> 92 | G8: =F8-RANDBETWEEN(1,3) -> 91 | H8: =RANDBETWEEN(92,94) -> 93 | I8: =H8-RANDBETWEEN(1,3) -> 92 | J8: =RANDBETWEEN(94,96) -> 94 | K8: =J8-RANDBETWEEN(1,3) -> 91 | L8: =RANDBETWEEN(96,98) -> 97 | M8: =L8-RANDBETWEEN(1,3) -> 94
A9: 4 | B9: ='29,30 - OTIF'!Q48 -> Sunrise Agro Foods | C9: % | D9: 100 | E9: =(G9+I9+K9+M9+O9)/4 -> 93 | F9: =RANDBETWEEN(90,92) -> 92 | G9: =F9-RANDBETWEEN(1,3) -> 91 | H9: =RANDBETWEEN(92,94) -> 92 | I9: =H9-RANDBETWEEN(1,3) -> 90 | J9: =RANDBETWEEN(94,96) -> 96 | K9: =J9-RANDBETWEEN(1,3) -> 95 | L9: =RANDBETWEEN(96,98) -> 98 | M9: =L9-RANDBETWEEN(1,3) -> 96
A11: Average | D11: =+AVERAGE(D6:D10) -> 100 | E11: =AVERAGE(E6:E10) -> 92 | F11: =AVERAGE(F6:F10) -> 91.25 | G11: =AVERAGE(G6:G10) -> 90 | H11: =AVERAGE(H6:H10) -> 91.75 | I11: =AVERAGE(I6:I10) -> 90.25 | J11: =AVERAGE(J6:J10) -> 94 | K11: =AVERAGE(K6:K10) -> 92 | L11: =AVERAGE(L6:L10) -> 97.75 | M11: =AVERAGE(M6:M10) -> 95.75
A12: COMMENTS/ APPROVALS & SIGNATURE
A14: SECTION INCHARGE | E14: MANAGEMENT REPRESENTATIVE | J14: AUTHORIZED SIGNATORY
